Date,Close
2025-08-29 00:00:00+00:00,108410.8359375
2025-08-30 00:00:00+00:00,108808.0703125
2025-08-31 00:00:00+00:00,108236.7109375
2025-09-01 00:00:00+00:00,109250.59375
2025-09-02 00:00:00+00:00,111200.5859375
2025-09-03 00:00:00+00:00,111723.2109375
2025-09-04 00:00:00+00:00,110723.6015625
2025-09-05 00:00:00+00:00,110650.984375
2025-09-06 00:00:00+00:00,110224.6953125
2025-09-07 00:00:00+00:00,111167.6171875
2025-09-08 00:00:00+00:00,112071.4296875
2025-09-09 00:00:00+00:00,111530.546875
2025-09-10 00:00:00+00:00,113955.359375
2025-09-11 00:00:00+00:00,115507.5390625
2025-09-12 00:00:00+00:00,116101.578125
2025-09-13 00:00:00+00:00,115950.5078125
2025-09-14 00:00:00+00:00,115407.65625
2025-09-15 00:00:00+00:00,115444.875
2025-09-16 00:00:00+00:00,116843.1875
2025-09-17 00:00:00+00:00,116468.5078125
2025-09-18 00:00:00+00:00,117137.203125
2025-09-19 00:00:00+00:00,115688.859375
2025-09-20 00:00:00+00:00,115721.9609375
2025-09-21 00:00:00+00:00,115306.09375
2025-09-22 00:00:00+00:00,112748.5078125
2025-09-23 00:00:00+00:00,112014.5
2025-09-24 00:00:00+00:00,113328.6328125
2025-09-25 00:00:00+00:00,109049.2890625
2025-09-26 00:00:00+00:00,109712.828125
2025-09-27 00:00:00+00:00,109681.9453125
2025-09-28 00:00:00+00:00,112122.640625
2025-09-29 00:00:00+00:00,114400.3828125
2025-09-30 00:00:00+00:00,114056.0859375
2025-10-01 00:00:00+00:00,118648.9296875
2025-10-02 00:00:00+00:00,120681.2578125
2025-10-03 00:00:00+00:00,122266.53125
2025-10-04 00:00:00+00:00,122425.4296875
2025-10-05 00:00:00+00:00,123513.4765625
2025-10-06 00:00:00+00:00,124752.53125
2025-10-07 00:00:00+00:00,121451.3828125
2025-10-08 00:00:00+00:00,123354.8671875
2025-10-09 00:00:00+00:00,121705.5859375
2025-10-10 00:00:00+00:00,113214.3671875
2025-10-11 00:00:00+00:00,110807.8828125
2025-10-12 00:00:00+00:00,115169.765625
2025-10-13 00:00:00+00:00,115271.078125
2025-10-14 00:00:00+00:00,113118.6640625
2025-10-15 00:00:00+00:00,110783.1640625
2025-10-16 00:00:00+00:00,108186.0390625
2025-10-17 00:00:00+00:00,106467.7890625
2025-10-18 00:00:00+00:00,107198.265625
2025-10-19 00:00:00+00:00,108666.7109375
2025-10-20 00:00:00+00:00,110588.9296875
2025-10-21 00:00:00+00:00,108476.890625
2025-10-22 00:00:00+00:00,107688.5859375
2025-10-23 00:00:00+00:00,110069.7265625
2025-10-24 00:00:00+00:00,111033.921875
2025-10-25 00:00:00+00:00,111641.7265625
2025-10-26 00:00:00+00:00,114472.4453125
2025-10-27 00:00:00+00:00,114119.328125
2025-10-28 00:00:00+00:00,112956.1640625
2025-10-29 00:00:00+00:00,110055.3046875
2025-10-30 00:00:00+00:00,108305.546875
2025-10-31 00:00:00+00:00,109556.1640625
2025-11-01 00:00:00+00:00,110064.015625
2025-11-02 00:00:00+00:00,110639.625
2025-11-03 00:00:00+00:00,106547.5234375
2025-11-04 00:00:00+00:00,101590.5234375
2025-11-05 00:00:00+00:00,103891.8359375
2025-11-06 00:00:00+00:00,101301.2890625
2025-11-07 00:00:00+00:00,103372.40625
2025-11-08 00:00:00+00:00,102282.1171875
2025-11-09 00:00:00+00:00,104719.640625
2025-11-10 00:00:00+00:00,105996.59375
2025-11-11 00:00:00+00:00,102997.46875
2025-11-12 00:00:00+00:00,101663.1875
2025-11-13 00:00:00+00:00,99697.4921875
2025-11-14 00:00:00+00:00,94397.7890625
2025-11-15 00:00:00+00:00,95549.1484375
2025-11-16 00:00:00+00:00,94177.078125
2025-11-17 00:00:00+00:00,92093.875
2025-11-18 00:00:00+00:00,92948.875
2025-11-19 00:00:00+00:00,91465.9921875
2025-11-20 00:00:00+00:00,86631.8984375
2025-11-21 00:00:00+00:00,85090.6875
2025-11-22 00:00:00+00:00,84648.359375
2025-11-23 00:00:00+00:00,86805.0078125
2025-11-24 00:00:00+00:00,88270.5625
2025-11-25 00:00:00+00:00,87341.890625
2025-11-26 00:00:00+00:00,90518.3671875
2025-11-27 00:00:00+00:00,91285.375
2025-11-28 00:00:00+00:00,90919.265625
2025-11-29 00:00:00+00:00,90851.7578125
2025-11-30 00:00:00+00:00,90394.3125
2025-12-01 00:00:00+00:00,86321.5703125
2025-12-02 00:00:00+00:00,91350.203125
2025-12-03 00:00:00+00:00,93527.8046875
2025-12-04 00:00:00+00:00,92141.625
2025-12-05 00:00:00+00:00,89387.7578125
2025-12-06 00:00:00+00:00,89272.375
2025-12-07 00:00:00+00:00,90405.640625
2025-12-08 00:00:00+00:00,90640.203125
2025-12-09 00:00:00+00:00,92691.7109375
2025-12-10 00:00:00+00:00,92020.9453125
2025-12-11 00:00:00+00:00,92511.3359375
2025-12-12 00:00:00+00:00,90270.4140625
2025-12-13 00:00:00+00:00,90298.7109375
2025-12-14 00:00:00+00:00,88175.1796875
2025-12-15 00:00:00+00:00,86419.78125
2025-12-16 00:00:00+00:00,87843.984375
2025-12-17 00:00:00+00:00,86143.7578125
2025-12-18 00:00:00+00:00,85462.5078125
2025-12-19 00:00:00+00:00,88103.3828125
2025-12-20 00:00:00+00:00,88344.0
2025-12-21 00:00:00+00:00,88621.75
2025-12-22 00:00:00+00:00,88490.015625
2025-12-23 00:00:00+00:00,87414.0
2025-12-24 00:00:00+00:00,87611.9609375
2025-12-25 00:00:00+00:00,87234.7421875
2025-12-26 00:00:00+00:00,87301.4296875
2025-12-27 00:00:00+00:00,87802.15625
2025-12-28 00:00:00+00:00,87835.8359375
2025-12-29 00:00:00+00:00,87138.140625
2025-12-30 00:00:00+00:00,88430.1328125
2025-12-31 00:00:00+00:00,87508.828125
2026-01-01 00:00:00+00:00,88731.984375
2026-01-02 00:00:00+00:00,89944.6953125
2026-01-03 00:00:00+00:00,90603.1875
2026-01-04 00:00:00+00:00,91413.4921875
2026-01-05 00:00:00+00:00,93882.5546875
2026-01-06 00:00:00+00:00,93729.03125
2026-01-07 00:00:00+00:00,91308.0546875
2026-01-08 00:00:00+00:00,91027.125
2026-01-09 00:00:00+00:00,90513.1015625
2026-01-10 00:00:00+00:00,90386.6484375
2026-01-11 00:00:00+00:00,90827.4609375
2026-01-12 00:00:00+00:00,91192.9921875
2026-01-13 00:00:00+00:00,95321.78125
2026-01-14 00:00:00+00:00,96929.328125
2026-01-15 00:00:00+00:00,95551.1875
2026-01-16 00:00:00+00:00,95525.1171875
2026-01-17 00:00:00+00:00,95099.921875
2026-01-18 00:00:00+00:00,93634.4296875
2026-01-19 00:00:00+00:00,92553.59375
2026-01-20 00:00:00+00:00,88310.90625
2026-01-21 00:00:00+00:00,89376.9609375
2026-01-22 00:00:00+00:00,89462.453125
2026-01-23 00:00:00+00:00,89503.875
2026-01-24 00:00:00+00:00,89110.734375
2026-01-25 00:00:00+00:00,86572.21875
2026-01-26 00:00:00+00:00,88267.140625
2026-01-27 00:00:00+00:00,89102.5703125
2026-01-28 00:00:00+00:00,89184.5703125
2026-01-29 00:00:00+00:00,84561.5859375
2026-01-30 00:00:00+00:00,84128.65625
2026-01-31 00:00:00+00:00,78621.1171875
2026-02-01 00:00:00+00:00,76974.4453125
2026-02-02 00:00:00+00:00,78688.765625
2026-02-03 00:00:00+00:00,75633.546875
2026-02-04 00:00:00+00:00,73019.703125
2026-02-05 00:00:00+00:00,62702.09765625
2026-02-06 00:00:00+00:00,70555.390625
2026-02-07 00:00:00+00:00,69281.96875
2026-02-08 00:00:00+00:00,70264.7265625
2026-02-09 00:00:00+00:00,70120.78125
2026-02-10 00:00:00+00:00,68793.9609375
2026-02-11 00:00:00+00:00,66991.96875
2026-02-12 00:00:00+00:00,66221.84375
2026-02-13 00:00:00+00:00,68857.84375
2026-02-14 00:00:00+00:00,69767.625
2026-02-15 00:00:00+00:00,68788.1875
2026-02-16 00:00:00+00:00,68843.15625
2026-02-17 00:00:00+00:00,67494.21875
2026-02-18 00:00:00+00:00,66425.3203125
2026-02-19 00:00:00+00:00,66957.5234375
2026-02-20 00:00:00+00:00,68005.421875
2026-02-21 00:00:00+00:00,68003.765625
2026-02-22 00:00:00+00:00,67659.390625
2026-02-23 00:00:00+00:00,64616.73828125
2026-02-24 00:00:00+00:00,64080.04296875
2026-02-25 00:00:00+00:00,67960.125
2026-02-26 00:00:00+00:00,67453.7734375
2026-02-27 00:00:00+00:00,65881.796875
2026-02-28 00:00:00+00:00,66995.859375
2026-03-01 00:00:00+00:00,65738.1015625
2026-03-02 00:00:00+00:00,68775.8515625
2026-03-03 00:00:00+00:00,68293.6484375
2026-03-04 00:00:00+00:00,72710.578125
2026-03-05 00:00:00+00:00,70841.125
2026-03-06 00:00:00+00:00,68136.4921875
2026-03-07 00:00:00+00:00,67272.59375
2026-03-08 00:00:00+00:00,65969.78125
2026-03-09 00:00:00+00:00,68402.3828125
2026-03-10 00:00:00+00:00,69926.921875
2026-03-11 00:00:00+00:00,70204.8828125
2026-03-12 00:00:00+00:00,70493.4609375
2026-03-13 00:00:00+00:00,70968.265625
2026-03-14 00:00:00+00:00,71214.625
2026-03-15 00:00:00+00:00,72789.9140625
2026-03-16 00:00:00+00:00,74861.0859375
2026-03-17 00:00:00+00:00,73922.4765625
2026-03-18 00:00:00+00:00,71245.578125
2026-03-19 00:00:00+00:00,69912.7890625
2026-03-20 00:00:00+00:00,70522.5859375
2026-03-21 00:00:00+00:00,68711.5234375
2026-03-22 00:00:00+00:00,67845.2109375
2026-03-23 00:00:00+00:00,70914.859375
2026-03-24 00:00:00+00:00,70517.859375
2026-03-25 00:00:00+00:00,71309.8828125
2026-03-26 00:00:00+00:00,68791.625
2026-03-27 00:00:00+00:00,66338.375
2026-03-28 00:00:00+00:00,66319.6953125
2026-03-29 00:00:00+00:00,65954.921875
2026-03-30 00:00:00+00:00,66691.4453125
2026-03-31 00:00:00+00:00,68233.3125
2026-04-01 00:00:00+00:00,68078.5546875
2026-04-02 00:00:00+00:00,66888.5703125
2026-04-03 00:00:00+00:00,66931.1015625
2026-04-04 00:00:00+00:00,67290.515625
2026-04-05 00:00:00+00:00,68981.8984375
2026-04-06 00:00:00+00:00,68859.828125
2026-04-07 00:00:00+00:00,71940.703125
2026-04-08 00:00:00+00:00,71123.359375
2026-04-09 00:00:00+00:00,71767.828125
2026-04-10 00:00:00+00:00,72979.046875
2026-04-11 00:00:00+00:00,73054.2734375
2026-04-12 00:00:00+00:00,70753.40625
2026-04-13 00:00:00+00:00,74484.640625
2026-04-14 00:00:00+00:00,74181.609375
2026-04-15 00:00:00+00:00,74805.078125
2026-04-16 00:00:00+00:00,75152.1328125
2026-04-17 00:00:00+00:00,77126.875
2026-04-18 00:00:00+00:00,75726.2109375
2026-04-19 00:00:00+00:00,73856.3515625
2026-04-20 00:00:00+00:00,75872.5234375
2026-04-21 00:00:00+00:00,76352.7734375
2026-04-22 00:00:00+00:00,78203.1015625
2026-04-23 00:00:00+00:00,78268.953125
2026-04-24 00:00:00+00:00,77455.3125
2026-04-25 00:00:00+00:00,77612.015625
2026-04-26 00:00:00+00:00,78657.5390625
2026-04-27 00:00:00+00:00,77366.625
2026-04-28 00:00:00+00:00,76350.671875
2026-04-29 00:00:00+00:00,75776.1328125
2026-04-30 00:00:00+00:00,76304.3203125
2026-05-01 00:00:00+00:00,78179.0
2026-05-02 00:00:00+00:00,78657.25
2026-05-03 00:00:00+00:00,78538.2265625
2026-05-04 00:00:00+00:00,79827.90625
2026-05-05 00:00:00+00:00,80927.0546875
2026-05-06 00:00:00+00:00,81427.53125
2026-05-07 00:00:00+00:00,80009.9921875
2026-05-08 00:00:00+00:00,80186.765625
2026-05-09 00:00:00+00:00,80664.3671875
2026-05-10 00:00:00+00:00,82138.9296875
2026-05-11 00:00:00+00:00,81728.296875
2026-05-12 00:00:00+00:00,80477.4921875
2026-05-13 00:00:00+00:00,79277.1171875
2026-05-14 00:00:00+00:00,81051.25
2026-05-15 00:00:00+00:00,79065.6796875
2026-05-16 00:00:00+00:00,78131.4375
2026-05-17 00:00:00+00:00,77429.3515625
2026-05-18 00:00:00+00:00,76954.171875
2026-05-19 00:00:00+00:00,76750.90625
2026-05-20 00:00:00+00:00,77457.7734375
2026-05-21 00:00:00+00:00,77539.171875
2026-05-22 00:00:00+00:00,75488.2421875
2026-05-23 00:00:00+00:00,76673.3671875
2026-05-24 00:00:00+00:00,76981.125
2026-05-25 00:00:00+00:00,77279.9296875
2026-05-26 00:00:00+00:00,75825.734375
2026-05-27 00:00:00+00:00,74344.703125
2026-05-28 00:00:00+00:00,73536.5546875
2026-05-29 00:00:00+00:00,73372.5234375
2026-05-30 00:00:00+00:00,73754.8359375
2026-05-31 00:00:00+00:00,73579.6875
2026-06-01 00:00:00+00:00,71319.7734375
2026-06-02 00:00:00+00:00,66703.65625
2026-06-03 00:00:00+00:00,64014.3671875
2026-06-04 00:00:00+00:00,63801.57421875
2026-06-05 00:00:00+00:00,60922.66796875
2026-06-06 00:00:00+00:00,60867.4140625
2026-06-07 00:00:00+00:00,63239.51953125
2026-06-08 00:00:00+00:00,63090.58984375
2026-06-09 00:00:00+00:00,61643.78125
2026-06-10 00:00:00+00:00,61449.2890625
2026-06-11 00:00:00+00:00,63561.0546875
2026-06-12 00:00:00+00:00,63543.19921875
2026-06-13 00:00:00+00:00,64421.32421875
2026-06-14 00:00:00+00:00,65710.3984375
2026-06-15 00:00:00+00:00,66289.5
2026-06-16 00:00:00+00:00,65600.640625
2026-06-17 00:00:00+00:00,64418.4453125
2026-06-18 00:00:00+00:00,62896.47265625
2026-06-19 00:00:00+00:00,63540.8359375
2026-06-20 00:00:00+00:00,64239.67578125
2026-06-21 00:00:00+00:00,63237.5390625
2026-06-22 00:00:00+00:00,63952.10546875
2026-06-23 00:00:00+00:00,62668.01953125
2026-06-24 00:00:00+00:00,60995.1328125
2026-06-25 00:00:00+00:00,59721.67578125
2026-06-26 00:00:00+00:00,60016.4296875
2026-06-27 00:00:00+00:00,59940.09765625
2026-06-28 00:00:00+00:00,59532.33984375
2026-06-29 00:00:00+00:00,60138.37890625
2026-06-30 00:00:00+00:00,58558.859375
2026-07-01 00:00:00+00:00,60003.7578125
2026-07-02 00:00:00+00:00,61485.30078125
2026-07-03 00:00:00+00:00,62544.19921875
2026-07-04 00:00:00+00:00,63088.3046875
2026-07-05 00:00:00+00:00,63547.8828125
2026-07-06 00:00:00+00:00,63995.015625
2026-07-07 00:00:00+00:00,63297.39453125
2026-07-08 00:00:00+00:00,62257.57421875
2026-07-09 00:00:00+00:00,63193.1484375
2026-07-10 00:00:00+00:00,64127.140625
2026-07-11 00:00:00+00:00,63802.02734375
2026-07-12 00:00:00+00:00,63758.21875
2026-07-13 00:00:00+00:00,62239.12109375
2026-07-14 00:00:00+00:00,64956.11328125
2026-07-15 00:00:00+00:00,64712.375
2026-07-16 00:00:00+00:00,63789.28125
2026-07-17 00:00:00+00:00,63899.4609375
2026-07-18 00:00:00+00:00,64796.6015625
2026-07-19 00:00:00+00:00,64690.8046875
2026-07-20 00:00:00+00:00,65230.02734375
2026-07-21 00:00:00+00:00,66505.125
2026-07-22 00:00:00+00:00,66100.796875
2026-07-23 00:00:00+00:00,65044.8125
2026-07-24 00:00:00+00:00,64098.49609375
2026-07-25 00:00:00+00:00,64311.8125
2026-07-26 00:00:00+00:00,65340.30078125
2026-07-27 00:00:00+00:00,63724.8984375
2026-07-28 00:00:00+00:00,63871.36328125
2026-07-29 00:00:00+00:00,63908.16796875
2026-07-30 00:00:00+00:00,64725.30859375
2026-07-31 00:00:00+00:00,62813.74609375
2026-08-01 00:00:00+00:00,62763.3203125
2026-08-02 00:00:00+00:00,63482.0
2026-08-03 00:00:00+00:00,63460.8984375
2026-08-04 00:00:00+00:00,64055.953125
2026-08-05 00:00:00+00:00,64597.5
2026-08-06 00:00:00+00:00,64262.11328125
2026-08-07 00:00:00+00:00,64880.19140625
2026-08-08 00:00:00+00:00,64904.6875
2026-08-09 00:00:00+00:00,64844.88671875
2026-08-10 00:00:00+00:00,63910.5859375
2026-08-11 00:00:00+00:00,63551.875
2026-08-12 00:00:00+00:00,63402.43359375
2026-08-13 00:00:00+00:00,63402.171875
2026-08-14 00:00:00+00:00,62975.59375
2026-08-15 00:00:00+00:00,63024.3203125
2026-08-16 00:00:00+00:00,62818.65234375
2026-08-17 00:00:00+00:00,64506.25390625
2026-08-18 00:00:00+00:00,64680.7109375
2026-08-19 00:00:00+00:00,69266.1875
2026-08-20 00:00:00+00:00,73032.7578125
2026-08-21 00:00:00+00:00,78335.1875
2026-08-22 00:00:00+00:00,77083.4140625
2026-08-23 00:00:00+00:00,77755.265625
2026-08-24 00:00:00+00:00,78964.484375
2026-08-25 00:00:00+00:00,78564.9765625
2026-08-26 00:00:00+00:00,79027.421875
2026-08-27 00:00:00+00:00,80257.5390625
2026-08-29 00:00:00+00:00,77614.9765625
